Type,Name,Request Count,Failure Count,Median Response Time,Average Response Time,Min Response Time,Max Response Time,Average Content Size,Requests/s,Failures/s,50%,66%,75%,80%,90%,95%,98%,99%,99.9%,99.99%,100%
POST,GraphQL_listAllMusics,13817,0,8,19.449392308710397,1.0602440015645698,456.6737910063239,2902.0,115.54648002025118,0.0,8,11,14,17,38,96,160,220,370,440,460
POST,GraphQL_listAllUsers,13806,0,8,19.459004752473373,1.011270986055024,456.1511740030255,1665.0,115.45449107328564,0.0,8,11,14,17,40,97,160,210,380,440,460
POST,GraphQL_listMusicsFromPlaylist,41338,0,7,18.654368048727772,0.9600449993740767,463.7277719884878,205.28477429967583,345.69446269647125,0.0,7,10,13,16,36,93,150,200,380,460,460
POST,GraphQL_listPlaylistsByMusic,13830,0,7,19.340642919694773,0.9379580005770549,440.1068489969475,120.80860448300795,115.65519423030135,0.0,7,10,13,16,38,97,160,220,400,430,440
POST,GraphQL_listPlaylistsByUser,69356,0,7,18.62419299849127,0.93768400256522,463.3776190021308,63.17909048964761,579.9986732492249,0.0,7,10,13,16,36,93,160,210,380,460,460
,Aggregated,152147,0,7,18.848207067659395,0.93768400256522,463.7277719884878,510.1817189954452,1272.3493012695344,0.0,7,11,13,16,36,94,160,210,380,460,460
