Type,Name,Request Count,Failure Count,Median Response Time,Average Response Time,Min Response Time,Max Response Time,Average Content Size,Requests/s,Failures/s,50%,66%,75%,80%,90%,95%,98%,99%,99.9%,99.99%,100%
gRPC,gRPC_listAllMusics,27957,0,0.1406399969710037,0.28246957779834236,0.1406399969710037,14.074455000809394,0.0,231.86038829543594,0.0,0,0,0,0,0,1,1,1,2,5,14
gRPC,gRPC_listAllUsers,27944,0,0.14764099614694715,0.2893748644256981,0.14764099614694715,8.414928001002409,0.0,231.75257325634587,0.0,0,0,0,0,0,1,1,1,2,7,8
gRPC,gRPC_listMusicsFromPlaylist,84271,0,0.12182799400761724,0.258693138954435,0.12182799400761724,12.457763994461857,0.0,698.8985507044633,0.0,0,0,0,0,0,0,1,1,3,6,12
gRPC,gRPC_listPlaylistsByMusic,28092,0,0.12144900392740965,0.2590656227122223,0.12144900392740965,8.512687010806985,0.0,232.98000600906343,0.0,0,0,0,0,0,0,1,1,3,7,9
gRPC,gRPC_listPlaylistsByUser,140345,0,0.11865900887642056,0.2538555096004118,0.11865900887642056,30.80285400210414,0.0,1163.9462816225973,0.0,0,0,0,0,0,0,1,1,2,8,31
,Aggregated,308609,0,0.11865900887642056,0.26145914629499045,0.11865900887642056,30.80285400210414,0.0,2559.437799887906,0.0,0,0,0,0,0,0,1,1,2,7,31
