Type,Name,Request Count,Failure Count,Median Response Time,Average Response Time,Min Response Time,Max Response Time,Average Content Size,Requests/s,Failures/s,50%,66%,75%,80%,90%,95%,98%,99%,99.9%,99.99%,100%
POST,GraphQL_listAllMusics,6,0,203.85627099312842,207.110680831344,203.85627099312842,214.16530400165357,2902.0,26.9512355502627,0.0,210,210,210,210,210,210,210,210,210,210,210
POST,GraphQL_listAllUsers,8,0,200.0,203.56019437531359,196.41936500556767,213.19029699952807,1665.0,35.9349807336836,0.0,200,210,210,210,210,210,210,210,210,210,210
POST,GraphQL_listMusicsFromPlaylist,24,0,210.0,205.89763154263588,188.9118370017968,215.29740600090008,203.66666666666666,107.8049422010508,0.0,210,210,210,210,220,220,220,220,220,220,220
POST,GraphQL_listPlaylistsByMusic,6,0,200.0,203.94268050101041,190.80936699174345,212.9477999988012,107.33333333333333,26.9512355502627,0.0,210,210,210,210,210,210,210,210,210,210,210
POST,GraphQL_listPlaylistsByUser,56,0,200.0,201.89755437370746,187.93530399852898,215.50271200248972,63.982142857142854,251.54486513578522,0.0,200,210,210,210,210,210,220,220,220,220,220
,Aggregated,100,0,200.0,203.42607924947515,187.93530399852898,215.50271200248972,398.47,449.18725917104507,0.0,200,210,210,210,210,220,220,220,220,220,220
