Type,Name,Request Count,Failure Count,Median Response Time,Average Response Time,Min Response Time,Max Response Time,Average Content Size,Requests/s,Failures/s,50%,66%,75%,80%,90%,95%,98%,99%,99.9%,99.99%,100%
gRPC,gRPC_listAllMusics,6884,0,0.20989999757148325,0.43244734012487235,0.20989999757148325,6.045429996447638,0.0,57.752047817696564,0.0,0,0,0,1,1,1,1,1,2,6,6
gRPC,gRPC_listAllUsers,7036,0,0.19422199693508446,0.42634768067499607,0.19422199693508446,8.217075999709778,0.0,59.027223771835125,0.0,0,0,0,1,1,1,1,1,2,8,8
gRPC,gRPC_listMusicsFromPlaylist,20914,0,0.16982300439849496,0.38654043379585323,0.16982300439849496,6.682467996142805,0.0,175.45414411088115,0.0,0,0,0,0,1,1,1,1,2,6,7
gRPC,gRPC_listPlaylistsByMusic,7067,0,0.1730840012896806,0.3886085667179289,0.1730840012896806,5.690377001883462,0.0,59.28729255195549,0.0,0,0,0,0,1,1,1,1,2,6,6
gRPC,gRPC_listPlaylistsByUser,34995,0,0.16439799219369888,0.37881316789192715,0.16439799219369888,8.989933005068451,0.0,293.5840954939412,0.0,0,0,0,0,1,1,1,1,2,6,9
,Aggregated,76896,0,0.16439799219369888,0.3909659794323367,0.16439799219369888,8.989933005068451,0.0,645.1048037463096,0.0,0,0,0,0,1,1,1,1,2,6,9
