Type,Name,Request Count,Failure Count,Median Response Time,Average Response Time,Min Response Time,Max Response Time,Average Content Size,Requests/s,Failures/s,50%,66%,75%,80%,90%,95%,98%,99%,99.9%,99.99%,100%
POST,GraphQL_listAllMusics,6494,0,5200.0,4885.899326212146,42.36504501022864,8186.371884992695,2902.0,54.13829061836891,0.0,5200,5300,5300,5300,5400,5400,5900,7200,8100,8200,8200
POST,GraphQL_listAllUsers,6456,0,5200.0,4865.131219004552,38.77822301001288,8178.864168992732,1665.0,53.821497417953445,0.0,5200,5300,5300,5300,5400,5500,5800,7100,8100,8200,8200
POST,GraphQL_listMusicsFromPlaylist,19512,0,5200.0,4891.36497407398,38.162384007591754,8171.772667003097,205.33989339893398,162.66497175017156,0.0,5200,5300,5300,5300,5400,5400,5700,7100,8100,8200,8200
POST,GraphQL_listPlaylistsByMusic,6436,0,5200.0,4883.354570292542,45.68121199554298,8181.488725997042,120.34617775015538,53.65476415457689,0.0,5200,5300,5300,5300,5400,5400,5800,7100,8000,8200,8200
POST,GraphQL_listPlaylistsByUser,32024,0,5200.0,4880.338194641622,40.51802400499582,8188.466223000432,63.20191106669998,266.97330131854727,0.0,5200,5300,5300,5300,5400,5400,5700,7100,8100,8200,8200
,Aggregated,70922,0,5200.0,4882.770524069456,38.162384007591754,8188.466223000432,513.2391359521728,591.2528252596181,0.0,5200,5300,5300,5300,5400,5400,5700,7100,8100,8200,8200
