Type,Name,Request Count,Failure Count,Median Response Time,Average Response Time,Min Response Time,Max Response Time,Average Content Size,Requests/s,Failures/s,50%,66%,75%,80%,90%,95%,98%,99%,99.9%,99.99%,100%
GET,REST_listAllMusics,11504,0,280.0,293.1109876085622,1.5413009969051927,633.3428329962771,4087.0,96.49547408571331,0.0,280,330,360,370,410,460,510,530,620,630,630
GET,REST_listAllUsers,11441,0,280.0,293.7676340074601,1.5469850040972233,1288.46517400234,2593.0,95.96703051239969,0.0,280,330,360,370,410,460,510,520,620,640,1300
GET,REST_listMusicsFromPlaylist,35013,0,290.0,294.4169835176474,1.2924110051244497,1305.5163270037156,247.53780024562306,293.68880686396733,0.0,290,330,360,370,410,460,510,520,610,640,1300
GET,REST_listPlaylistsByMusic,11611,0,280.0,294.3477047972528,1.80442699638661,623.0119389947504,377.78735681681167,97.39298936102375,0.0,280,330,360,370,420,460,510,530,600,620,620
GET,REST_listPlaylistsByUser,58449,0,280.0,293.6802875475652,1.32214100449346,1305.7803389965557,128.42666256052286,490.2698161366357,0.0,280,330,360,370,410,460,510,530,610,630,1300
,Aggregated,128018,0,280.0,293.8989554070501,1.2924110051244497,1305.7803389965557,759.6064694027402,1073.8141169597397,0.0,280,330,360,370,410,460,510,530,610,630,1300
