Type,Name,Request Count,Failure Count,Median Response Time,Average Response Time,Min Response Time,Max Response Time,Average Content Size,Requests/s,Failures/s,50%,66%,75%,80%,90%,95%,98%,99%,99.9%,99.99%,100%
gRPC,gRPC_listAllMusics,27919,0,0.19883300410583615,0.30061604853777196,0.19883300410583615,10.17771199985873,0.0,233.3508173437019,0.0,0,0,0,0,0,0,1,1,2,5,10
gRPC,gRPC_listAllUsers,27906,0,0.1919009955599904,0.29269826102446733,0.1919009955599904,6.0229759983485565,0.0,233.242161567153,0.0,0,0,0,0,0,0,1,1,2,4,6
gRPC,gRPC_listMusicsFromPlaylist,83385,0,0.16376300482079387,0.25744250443443173,0.16376300482079387,5.9335060068406165,0.0,696.9432251944762,0.0,0,0,0,0,0,0,1,1,2,3,6
gRPC,gRPC_listPlaylistsByMusic,27939,0,0.16353800310753286,0.260776148658595,0.16353800310753286,33.342693001031876,0.0,233.517980076854,0.0,0,0,0,0,0,0,1,1,2,4,33
gRPC,gRPC_listPlaylistsByUser,139718,0,0.15841999265830964,0.2508366641493346,0.15841999265830964,5.008979991544038,0.0,1167.782137527395,0.0,0,0,0,0,0,0,1,1,1,3,5
,Aggregated,306867,0,0.15841999265830964,0.2618724145070312,0.15841999265830964,33.342693001031876,0.0,2564.8363217095803,0.0,0,0,0,0,0,0,1,1,2,3,33
