Type,Name,Request Count,Failure Count,Median Response Time,Average Response Time,Min Response Time,Max Response Time,Average Content Size,Requests/s,Failures/s,50%,66%,75%,80%,90%,95%,98%,99%,99.9%,99.99%,100%
gRPC,gRPC_listAllMusics,14117,0,0.20349500118754804,0.34297556185541805,0.20349500118754804,3.9089280035113916,0.0,118.44526997699774,0.0,0,0,0,0,0,1,1,1,2,4,4
gRPC,gRPC_listAllUsers,13916,0,0.19655999494716525,0.3350811059857648,0.19655999494716525,2.6218160055577755,0.0,116.75882815044984,0.0,0,0,0,0,0,1,1,1,2,3,3
gRPC,gRPC_listMusicsFromPlaylist,42139,0,0.16598300135228783,0.2991890706195524,0.16598300135228783,4.722990997834131,0.0,353.55707526816656,0.0,0,0,0,0,0,1,1,1,1,4,5
gRPC,gRPC_listPlaylistsByMusic,13887,0,0.16930099809542298,0.2998361919448581,0.16930099809542298,3.919091002899222,0.0,116.51551067298772,0.0,0,0,0,0,0,1,1,1,2,3,4
gRPC,gRPC_listPlaylistsByUser,69681,0,0.16084100934676826,0.29091648062559455,0.16084100934676826,7.359769006143324,0.0,584.6415567944449,0.0,0,0,0,0,0,1,1,1,1,4,7
,Aggregated,153740,0,0.16084100934676826,0.3027675257477459,0.16084100934676826,7.359769006143324,0.0,1289.9182408630468,0.0,0,0,0,0,0,1,1,1,1,4,7
