Type,Name,Request Count,Failure Count,Median Response Time,Average Response Time,Min Response Time,Max Response Time,Average Content Size,Requests/s,Failures/s,50%,66%,75%,80%,90%,95%,98%,99%,99.9%,99.99%,100%
POST,GraphQL_listAllMusics,6382,0,1800.0,1748.0250099098323,2.221949995146133,4411.753595995833,2902.0,53.4188085311001,0.0,1800,1800,1900,1900,1900,1900,2000,2200,4300,4400,4400
POST,GraphQL_listAllUsers,6428,0,1800.0,1750.88565448763,2.064516011159867,4408.305992998066,1665.0,53.80383911593723,0.0,1800,1800,1900,1900,1900,1900,2000,2200,4300,4400,4400
POST,GraphQL_listMusicsFromPlaylist,19139,0,1800.0,1751.9860452264625,1.7136739916168153,4409.460591996321,205.4624066043158,160.1978339825642,0.0,1800,1800,1900,1900,1900,1900,2000,2200,4300,4400,4400
POST,GraphQL_listPlaylistsByMusic,6417,0,1800.0,1765.3822245103838,1.8481729930499569,4399.096428009216,120.97148200093501,53.71176658478053,0.0,1800,1900,1900,1900,1900,1900,2000,2200,4300,4400,4400
POST,GraphQL_listPlaylistsByUser,32105,0,1800.0,1751.846522280818,1.7034399934345856,4408.144496002933,63.173306338576545,268.7262375260057,0.0,1800,1800,1900,1900,1900,1900,2000,2200,4300,4400,4400
,Aggregated,70471,0,1800.0,1752.6832293055065,1.7034399934345856,4411.753595995833,510.28056931219936,589.8584857403878,0.0,1800,1800,1900,1900,1900,1900,2000,2200,4300,4400,4400
