Type,Name,Request Count,Failure Count,Median Response Time,Average Response Time,Min Response Time,Max Response Time,Average Content Size,Requests/s,Failures/s,50%,66%,75%,80%,90%,95%,98%,99%,99.9%,99.99%,100%
GET,REST_listAllMusics,13736,0,1700.0,1448.342426274118,0.6672610034001991,6924.912309012143,4496.0,114.56105660583619,0.0,1700,1900,1900,2000,2100,2400,2500,2500,6900,6900,6900
GET,REST_listAllUsers,13823,0,1700.0,1443.612015553799,0.7028960098978132,6920.034260998364,5391.0,115.28665444543343,0.0,1700,1800,1900,2000,2100,2400,2500,2500,6900,6900,6900
GET,REST_listMusicsFromPlaylist,41471,0,1700.0,1448.2676057637686,0.6889619980938733,6925.5851350026205,270.609003882231,345.87664374640593,0.0,1700,1900,1900,2000,2100,2300,2500,2500,6900,6900,6900
GET,REST_listPlaylistsByMusic,13592,0,1700.0,1459.9789545302986,0.7246059976750985,6919.218308990821,208.16877575044143,113.36006707822695,0.0,1700,1900,1900,2000,2200,2400,2500,4000,6900,6900,6900
GET,REST_listPlaylistsByUser,68370,0,1700.0,1446.07347834233,0.7190059986896813,6925.393394994899,70.00011701038467,570.2198194627999,0.0,1700,1800,1900,2000,2100,2400,2500,2500,6900,6900,6900
,Aggregated,150992,0,1700.0,1447.908922334785,0.6672610034001991,6925.5851350026205,1027.3035193917558,1259.3042413387025,0.0,1700,1900,1900,2000,2100,2400,2500,2500,6900,6900,6900
