Type,Name,Request Count,Failure Count,Median Response Time,Average Response Time,Min Response Time,Max Response Time,Average Content Size,Requests/s,Failures/s,50%,66%,75%,80%,90%,95%,98%,99%,99.9%,99.99%,100%
GET,REST_listAllMusics,14044,0,4,9.300242093286293,0.6422279984690249,380.51550000091083,4496.0,117.53788713467361,0.0,4,5,7,8,13,40,87,110,240,380,380
GET,REST_listAllUsers,13841,0,4,9.60251934039391,0.6417800032068044,383.97875901137013,5391.0,115.83892735908697,0.0,4,5,7,8,13,41,92,120,240,370,380
GET,REST_listMusicsFromPlaylist,41515,0,4,9.510917254152833,0.6418710108846426,386.06821600114927,270.4479585691919,347.44982799743485,0.0,4,5,7,8,13,38,88,120,240,380,390
GET,REST_listPlaylistsByMusic,14041,0,4,9.60015129404819,0.6712250033160672,383.8053900108207,208.56213944875722,117.51277935473884,0.0,4,5,7,8,13,38,92,120,320,380,380
GET,REST_listPlaylistsByUser,69665,0,4,9.378895213441005,0.632991999736987,384.5078329904936,69.9986363310127,583.0444963854342,0.0,4,5,7,8,13,39,88,120,240,380,380
,Aggregated,153106,0,4,9.447985443540832,0.632991999736987,386.06821600114927,1024.0694551487204,1281.3839182313684,0.0,4,5,7,8,13,39,88,120,240,380,390
