Type,Name,Request Count,Failure Count,Median Response Time,Average Response Time,Min Response Time,Max Response Time,Average Content Size,Requests/s,Failures/s,50%,66%,75%,80%,90%,95%,98%,99%,99.9%,99.99%,100%
POST,GraphQL_listAllMusics,13734,0,1700.0,1440.900719766059,1.1670059902826324,8873.739816001034,2902.0,114.83566499479339,0.0,1700,1900,1900,2000,2200,2400,2500,2700,7800,8900,8900
POST,GraphQL_listAllUsers,13405,0,1700.0,1442.1508392991184,1.1671170068439096,8873.541152002872,1665.0,112.08475966617195,0.0,1700,1900,1900,2000,2100,2400,2500,2700,7800,8900,8900
POST,GraphQL_listMusicsFromPlaylist,40729,0,1700.0,1446.0890757678533,0.9815409866860136,8874.743198000942,205.44594760490068,340.55204598608856,0.0,1700,1900,2000,2000,2200,2400,2500,2700,7800,8900,8900
POST,GraphQL_listPlaylistsByMusic,13412,0,1700.0,1437.6960429645128,1.0967200068989769,8873.9071960008,120.50477184610796,112.14328956678091,0.0,1700,1900,1900,2000,2200,2400,2500,2800,8700,8900,8900
POST,GraphQL_listPlaylistsByUser,68007,0,1700.0,1441.870746771668,1.003929995931685,8875.821048000944,63.174379108032994,568.6347072448605,0.0,1700,1900,1900,2000,2200,2400,2500,2700,7800,8900,8900
,Aggregated,149287,0,1700.0,1442.5824596713771,0.9815409866860136,8875.821048000944,512.1377681914702,1248.2504674586953,0.0,1700,1900,1900,2000,2200,2400,2500,2700,7800,8900,8900
