Type,Name,Request Count,Failure Count,Median Response Time,Average Response Time,Min Response Time,Max Response Time,Average Content Size,Requests/s,Failures/s,50%,66%,75%,80%,90%,95%,98%,99%,99.9%,99.99%,100%
POST,SOAP_listAllMusics,12180,0,2000.0,1772.951117443175,1.822913996875286,9681.406649004202,9369.0,99.74229568834127,0.0,2000,2200,2300,2300,2500,2700,2800,6400,9600,9700,9700
POST,SOAP_listAllUsers,12343,0,2000.0,1781.238987000077,1.9447069935267791,9671.522078002454,10762.0,101.07710637776653,0.0,2000,2200,2300,2300,2500,2700,2800,6400,8900,9700,9700
POST,SOAP_listMusicsFromPlaylist,36639,0,2000.0,1761.5949608821356,1.2016870023217052,9653.157706008642,254.0,300.0376003058404,0.0,2000,2200,2300,2300,2500,2700,2800,5200,8700,9700,9700
POST,SOAP_listPlaylistsByMusic,12346,0,2000.0,1757.5299582172918,1.2521280004875734,9671.305951997056,258.0,101.10167344567006,0.0,2000,2200,2300,2300,2500,2700,2800,6100,9600,9700,9700
POST,SOAP_listPlaylistsByUser,61242,0,2000.0,1766.1010637401669,1.142966008046642,9682.196031993954,255.0,501.51212418270904,0.0,2000,2200,2300,2300,2500,2700,2800,5600,8700,9600,9700
,Aggregated,134750,0,2000.0,1766.096336983139,1.142966008046642,9682.196031993954,2041.2472727272727,1103.4708000003272,0.0,2000,2200,2300,2300,2500,2700,2800,5700,8900,9700,9700
