Type,Name,Request Count,Failure Count,Median Response Time,Average Response Time,Min Response Time,Max Response Time,Average Content Size,Requests/s,Failures/s,50%,66%,75%,80%,90%,95%,98%,99%,99.9%,99.99%,100%
gRPC,gRPC_listAllMusics,13947,0,0.1415049919160083,0.29216265902260063,0.1415049919160083,13.748735000262968,0.0,116.12121484253154,0.0,0,0,0,0,0,1,1,1,2,12,14
gRPC,gRPC_listAllUsers,14053,0,0.14898000517860055,0.29603054905317894,0.14898000517860055,10.941856991848908,0.0,117.0037593878322,0.0,0,0,0,0,0,1,1,1,2,4,11
gRPC,gRPC_listMusicsFromPlaylist,42477,0,0.12244599929545075,0.26588774771475815,0.12244599929545075,10.828382000909187,0.0,353.6589117993986,0.0,0,0,0,0,0,1,1,1,2,6,11
gRPC,gRPC_listPlaylistsByMusic,14251,0,0.12286700075492263,0.2686588349909788,0.12286700075492263,12.136031000409275,0.0,118.65228599131835,0.0,0,0,0,0,0,1,1,1,2,7,12
gRPC,gRPC_listPlaylistsByUser,70068,0,0.11867399734910578,0.2619113126962036,0.11867399734910578,10.078246996272355,0.0,583.3785962276118,0.0,0,0,0,0,0,1,1,1,2,7,10
,Aggregated,154796,0,0.11867399734910578,0.26944677308435844,0.11867399734910578,13.748735000262968,0.0,1288.8147682486924,0.0,0,0,0,0,0,1,1,1,2,8,14
