Type,Name,Request Count,Failure Count,Median Response Time,Average Response Time,Min Response Time,Max Response Time,Average Content Size,Requests/s,Failures/s,50%,66%,75%,80%,90%,95%,98%,99%,99.9%,99.99%,100%
gRPC,gRPC_listAllMusics,6907,0,0.14256300346460193,0.44344954954183713,0.14256300346460193,12.15975898958277,0.0,57.965801841770144,0.0,0,0,1,1,1,1,1,1,4,12,12
gRPC,gRPC_listAllUsers,7001,0,0.15008599439170212,0.4548175928856582,0.15008599439170212,24.365094999666326,0.0,58.75468056960081,0.0,0,0,1,1,1,1,1,1,4,24,24
gRPC,gRPC_listMusicsFromPlaylist,20994,0,0.12497999705374241,0.4208569485821143,0.12497999705374241,51.56623700167984,0.0,176.1885107667761,0.0,0,0,1,1,1,1,1,1,4,10,52
gRPC,gRPC_listPlaylistsByMusic,6970,0,0.12465499457903206,0.41624620278987906,0.12465499457903206,10.740391007857397,0.0,58.494518435954525,0.0,0,0,1,1,1,1,1,1,4,11,11
gRPC,gRPC_listPlaylistsByUser,35033,0,0.12042399612255394,0.4110154386157523,0.12042399612255394,15.385703998617828,0.0,294.0083880009749,0.0,0,0,1,1,1,1,1,1,4,9,15
,Aggregated,76905,0,0.12042399612255394,0.42107658383046587,0.12042399612255394,51.56623700167984,0.0,645.4118996150764,0.0,0,0,1,1,1,1,1,1,4,11,52
