Type,Name,Request Count,Failure Count,Median Response Time,Average Response Time,Min Response Time,Max Response Time,Average Content Size,Requests/s,Failures/s,50%,66%,75%,80%,90%,95%,98%,99%,99.9%,99.99%,100%
GET,REST_listAllMusics,7007,0,2,3.1430728744911964,0.6398930127033964,108.36612600542139,4496.0,58.737461088402405,0.0,2,2,2,3,4,6,16,56,96,110,110
GET,REST_listAllUsers,7015,0,2,2.7622481887723325,0.6409430061466992,106.60914699838031,5391.0,58.80452255389509,0.0,2,2,2,3,4,5,11,33,75,110,110
GET,REST_listMusicsFromPlaylist,20890,0,2,2.99655853776051,0.6379100086633116,108.79980100435205,270.5084729535663,175.11425176776456,0.0,2,2,2,3,4,5,13,51,96,110,110
GET,REST_listPlaylistsByMusic,6889,0,2,3.0574546830760183,0.6702419923385605,99.71704400959425,206.59602264479605,57.74830447238536,0.0,2,2,2,3,4,5,14,53,97,100,100
GET,REST_listPlaylistsByUser,35040,0,2,3.082958367131183,0.6054099940229207,108.56151000189129,70.01207191780821,293.72921885794494,0.0,2,2,2,3,4,6,14,55,96,110,110
,Aggregated,76841,0,2,3.0333865647974663,0.6054099940229207,108.79980100435205,1026.128264858604,644.1337587403924,0.0,2,2,2,3,4,6,14,53,96,110,110
