Type,Name,Request Count,Failure Count,Median Response Time,Average Response Time,Min Response Time,Max Response Time,Average Content Size,Requests/s,Failures/s,50%,66%,75%,80%,90%,95%,98%,99%,99.9%,99.99%,100%
POST,SOAP_listAllMusics,6914,0,3,4.910243227225652,1.799555990146473,112.1912259986857,9369.0,58.00064185198727,0.0,3,4,4,5,6,8,20,61,110,110,110
POST,SOAP_listAllUsers,6986,0,3,4.895752040130855,1.7768040124792606,111.35538799862843,10762.0,58.604640436503196,0.0,3,4,4,5,6,8,19,63,100,110,110
POST,SOAP_listMusicsFromPlaylist,21019,0,3,4.253979610386916,1.0561179951764643,115.93413399532437,254.0,176.32564233250224,0.0,3,3,3,4,5,7,20,67,110,110,120
POST,SOAP_listPlaylistsByMusic,7020,0,3,4.151425376632552,1.0938440100289881,113.91598499903921,258.0,58.88986199030238,0.0,3,3,3,4,5,7,18,65,100,110,110
POST,SOAP_listPlaylistsByUser,34671,0,3,4.234061188752699,1.054007007041946,113.86360700998921,255.0,290.85048505210455,0.0,3,3,3,4,5,7,20,68,100,110,110
,Aggregated,76610,0,3,4.353317902040469,1.054007007041946,115.93413399532437,2035.6570813209764,642.6712716633996,0.0,3,3,4,4,5,8,20,66,110,110,120
