Type,Name,Request Count,Failure Count,Median Response Time,Average Response Time,Min Response Time,Max Response Time,Average Content Size,Requests/s,Failures/s,50%,66%,75%,80%,90%,95%,98%,99%,99.9%,99.99%,100%
POST,SOAP_listAllMusics,13986,0,12,24.82496426978524,1.744936002069153,408.8433889992302,9369.0,116.84286879633493,0.0,12,17,22,27,60,110,170,200,320,410,410
POST,SOAP_listAllUsers,13733,0,12,24.047474847332474,1.8367849988862872,415.129615998012,10762.0,114.72923760761243,0.0,12,17,22,27,55,110,160,190,290,410,420
POST,SOAP_listMusicsFromPlaylist,41325,0,11,22.381846183315933,1.0922420042334124,422.6254209934268,254.0,345.24035128046194,0.0,11,15,20,24,53,100,150,180,290,420,420
POST,SOAP_listPlaylistsByMusic,13799,0,11,22.757541735604118,1.0873150022234768,416.4673409977695,258.0,115.28061965684438,0.0,11,15,20,25,55,100,160,180,330,420,420
POST,SOAP_listPlaylistsByUser,68922,0,11,22.731482647854634,1.0741229925770313,422.85297099442687,255.0,575.7932363206775,0.0,11,15,20,25,54,100,160,190,300,420,420
,Aggregated,151765,0,11,22.950655825428523,1.0741229925770313,422.85297099442687,2045.6704905610648,1267.8863136619311,0.0,11,15,20,25,54,100,160,190,300,410,420
