Type,Name,Request Count,Failure Count,Median Response Time,Average Response Time,Min Response Time,Max Response Time,Average Content Size,Requests/s,Failures/s,50%,66%,75%,80%,90%,95%,98%,99%,99.9%,99.99%,100%
GET,REST_listAllMusics,6997,0,5,8.754325920165513,1.2880310096079484,136.24780700774863,4087.0,58.66225139963999,0.0,5,6,8,9,17,32,59,77,120,140,140
GET,REST_listAllUsers,7061,0,5,8.402690327210555,1.2967129878234118,123.95493000803981,2593.0,59.198821942669426,0.0,5,6,8,9,15,31,51,71,110,120,120
GET,REST_listMusicsFromPlaylist,20861,0,5,8.532905805670593,1.2071859964635223,134.10597598704044,247.54887109918027,174.89684528339143,0.0,5,6,8,9,16,30,55,80,120,130,130
GET,REST_listPlaylistsByMusic,7003,0,5,8.652034377805137,1.2252000014996156,134.60330601083115,378.9670141367985,58.712554888049,0.0,5,6,8,9,16,32,54,74,120,130,130
GET,REST_listPlaylistsByUser,34603,0,5,8.51137202831922,1.170557996374555,136.45800700760446,128.41068693465886,290.10860156949303,0.0,5,6,8,9,16,31,55,79,120,130,140
,Aggregated,76525,0,5,8.542300763405756,1.170557996374555,136.45800700760446,773.1764782750735,641.5790750832429,0.0,5,6,8,9,16,31,55,78,120,130,140
