Type,Name,Request Count,Failure Count,Median Response Time,Average Response Time,Min Response Time,Max Response Time,Average Content Size,Requests/s,Failures/s,50%,66%,75%,80%,90%,95%,98%,99%,99.9%,99.99%,100%
POST,SOAP_listAllMusics,4611,727,8,716.2268569880596,2.923705003922805,68764.05397499911,5249.4226848839735,38.665027133452874,6.096177559319071,8,13,1000,1000,2300,3500,5300,7300,20000,69000,69000
POST,SOAP_listAllUsers,4762,790,7,744.3693920550326,2.494218002539128,68773.79568699689,3584.9760604787903,39.93122082183964,6.624457045202292,7,13,1000,1000,2300,4100,5300,7300,20000,69000,69000
POST,SOAP_listMusicsFromPlaylist,13822,2234,6,742.0600178722784,1.0801960015669465,68772.54624498892,256.54232383157284,115.90284212504567,18.732958277192303,6,11,1000,1000,2300,4100,5300,7300,20000,69000,69000
POST,SOAP_listPlaylistsByMusic,4658,755,5,753.7176954087934,1.1219239968340844,68760.4977299925,266.45641906397594,39.059140400699086,6.330968441933836,5,11,1000,1000,2300,4100,5300,7300,20000,69000,69000
POST,SOAP_listPlaylistsByUser,23256,3744,6,748.2437956967591,1.026747006108053,68772.19334799156,259.25386996904024,195.01059878889177,31.394895161059974,6,11,1000,1000,2300,3500,5300,7200,20000,69000,69000
,Aggregated,51109,8250,6,743.8208023539247,1.026747006108053,68773.79568699689,1019.2536343892465,428.56882926992904,69.17945648470747,6,12,1000,1000,2300,4100,5300,7300,20000,69000,69000
