Type,Name,Request Count,Failure Count,Median Response Time,Average Response Time,Min Response Time,Max Response Time,Average Content Size,Requests/s,Failures/s,50%,66%,75%,80%,90%,95%,98%,99%,99.9%,99.99%,100%
POST,SOAP_listAllMusics,3629,1362,1000.0,3948.6175370014726,3.0504650057991967,69741.75470099726,3893.0680628272253,30.297041078465984,11.37078257064499,1000,2300,4100,4400,7400,20000,36000,68000,70000,70000,70000
POST,SOAP_listAllUsers,3805,1413,1000.0,4192.944512432968,2.553668004111387,69755.66109000647,2701.9227332457294,31.76639330492231,11.796560772629494,1000,2300,4100,4500,7600,20000,36000,68000,70000,70000,70000
POST,SOAP_listMusicsFromPlaylist,11346,4112,1000.0,3744.9732703351624,1.1009500012733042,69765.92904300196,195.09994711792703,94.72312705325848,34.32941110902511,1000,2300,3400,4300,7400,20000,36000,42000,70000,70000,70000
POST,SOAP_listPlaylistsByMusic,3653,1333,1000.0,4053.399084563925,1.1699909955495968,69767.70249099354,201.96003284971258,30.497407291164574,11.128673396967526,1000,2300,3400,4500,7600,20000,36000,68000,70000,70000,70000
POST,SOAP_listPlaylistsByUser,18704,6793,1000.0,3954.937306925457,1.103117989259772,69765.6752650073,196.7760372112917,156.15206842976792,56.711986785896784,1000,2300,3500,4400,7400,20000,36000,68000,70000,70000,70000
,Aggregated,41137,15013,1000.0,3927.227748291178,1.1009500012733042,69767.70249099354,754.5670078031942,343.4360371575793,125.33741463516391,1000,2300,3400,4400,7500,20000,36000,68000,70000,70000,70000
