Type,Name,Request Count,Failure Count,Median Response Time,Average Response Time,Min Response Time,Max Response Time,Average Content Size,Requests/s,Failures/s,50%,66%,75%,80%,90%,95%,98%,99%,99.9%,99.99%,100%
POST,SOAP_listAllMusics,4957,1608,140.0,1988.0543606532506,2.970441011711955,69435.22665700584,4210.403066370789,41.47055145865598,13.45262189742159,140,1000,2300,3100,4300,7300,19000,20000,69000,69000,69000
POST,SOAP_listAllUsers,4800,1490,210.0,2051.218757154844,2.5361909938510507,69603.62264799187,2963.829166666667,40.15708029081072,12.46542700693916,210,1000,2300,2500,4300,7300,20000,20000,69000,70000,70000
POST,SOAP_listMusicsFromPlaylist,14867,4617,44,1970.8909989879535,1.0879850015044212,69662.67098199751,210.97060604022332,124.37819014239228,38.62609160472356,44,1000,2300,2400,4300,7300,12000,20000,69000,70000,70000
POST,SOAP_listPlaylistsByMusic,4883,1541,85,2010.2617645821367,1.1390190047677606,69604.75909800152,217.64407126766332,40.85146313750599,12.892095985029025,85,1000,2200,2300,4300,7200,12000,36000,69000,70000,70000
POST,SOAP_listPlaylistsByUser,24513,7695,100.0,1965.3543403122258,1.1439740046625957,69609.36103499262,212.00024476808224,205.077189410134,64.37681934120593,100,1000,2300,2500,4300,7300,12000,20000,69000,70000,70000
,Aggregated,54020,16951,85,1980.6499652458892,1.0879850015044212,69662.67098199751,823.6461680858941,451.93447443949896,141.81305583531926,85,1000,2300,2400,4300,7300,12000,20000,69000,70000,70000
