Type,Name,Request Count,Failure Count,Median Response Time,Average Response Time,Min Response Time,Max Response Time,Average Content Size,Requests/s,Failures/s,50%,66%,75%,80%,90%,95%,98%,99%,99.9%,99.99%,100%
GET,REST_listAllMusics,11000,0,2400.0,2296.261385893231,1.716732993372716,3156.8949649954448,4087.0,91.70519124255803,0.0,2400,2500,2500,2600,2600,2700,2700,2800,2800,3100,3200
GET,REST_listAllUsers,10950,0,2400.0,2282.0188316376675,1.624359007109888,3097.5108509883285,2593.0,91.28834946418277,0.0,2400,2500,2500,2600,2600,2700,2700,2800,2800,3100,3100
GET,REST_listMusicsFromPlaylist,32821,0,2400.0,2289.4250616677896,1.385077994200401,3148.1862609944073,247.47966241126107,273.62328016109063,0.0,2400,2500,2500,2600,2600,2700,2700,2800,2800,3100,3100
GET,REST_listPlaylistsByMusic,11030,0,2400.0,2292.3086178190783,1.659073997871019,3106.725429999642,379.03091568449685,91.95529630958319,0.0,2400,2500,2600,2600,2600,2700,2700,2800,2800,3100,3100
GET,REST_listPlaylistsByUser,54828,0,2400.0,2288.7608323485983,1.4330229896586388,3162.8405890078284,128.40450134967534,457.09202049517927,0.0,2400,2500,2500,2600,2600,2700,2700,2800,2800,3200,3200
,Aggregated,120629,0,2400.0,2289.337923474574,1.385077994200401,3162.8405890078284,768.4201394357907,1005.6641376725939,0.0,2400,2500,2500,2600,2600,2700,2700,2800,2800,3100,3200
